Date,Consumption (MWh)
2016-01-01 00:00:00,2715318157.0
2016-01-02 00:00:00,2581013990.0
2016-01-03 00:00:00,2570012133.0
2016-01-04 00:00:00,2804453870.0
2016-01-05 00:00:00,2868091787.0
2016-01-06 00:00:00,2925669565.0
2016-01-07 00:00:00,3002353640.0
2016-01-08 00:00:00,3184219914.0
2016-01-09 00:00:00,2718655804.0
2016-01-10 00:00:00,2780782152.0
2016-01-11 00:00:00,3285042678.0
2016-01-12 00:00:00,3325261069.0
2016-01-13 00:00:00,3462443995.0
2016-01-14 00:00:00,3556660973.0
2016-01-15 00:00:00,3630769480.0
2016-01-16 00:00:00,3591310114.0
2016-01-17 00:00:00,3472177578.0
2016-01-18 00:00:00,3617194862.0
2016-01-19 00:00:00,3767988787.0
2016-01-20 00:00:00,3782472148.0
2016-01-21 00:00:00,3647604240.0
2016-01-22 00:00:00,3154963269.0
2016-01-23 00:00:00,2766589969.0
2016-01-24 00:00:00,2535221581.0
2016-01-25 00:00:00,2577552516.0
2016-01-26 00:00:00,2707202899.0
2016-01-27 00:00:00,2706671926.0
2016-01-28 00:00:00,2861841439.0
2016-01-29 00:00:00,2688580175.0
2016-01-30 00:00:00,2728709274.0
2016-01-31 00:00:00,2717943724.0
2016-02-01 00:00:00,2700398119.0
2016-02-02 00:00:00,2899775368.0
2016-02-03 00:00:00,3162124161.0
2016-02-04 00:00:00,2881276782.0
2016-02-05 00:00:00,2561434403.0
2016-02-06 00:00:00,2568407805.0
2016-02-07 00:00:00,2616145883.0
2016-02-08 00:00:00,2996650882.0
2016-02-09 00:00:00,3040837575.0
2016-02-10 00:00:00,3150711024.0
2016-02-11 00:00:00,3355963662.0
2016-02-12 00:00:00,3295316625.0
2016-02-13 00:00:00,3113823051.0
2016-02-14 00:00:00,3122963189.0
2016-02-15 00:00:00,3532620331.0
2016-02-16 00:00:00,3368992765.0
2016-02-17 00:00:00,3436012369.0
2016-02-18 00:00:00,3262771093.0
2016-02-19 00:00:00,3039958153.0
2016-02-20 00:00:00,2799255053.0
2016-02-21 00:00:00,2650693588.0
2016-02-22 00:00:00,2959435986.0
2016-02-23 00:00:00,3077848694.0
2016-02-24 00:00:00,3302307651.0
2016-02-25 00:00:00,3366590109.0
2016-02-26 00:00:00,3271707984.0
2016-02-27 00:00:00,3193351714.0
2016-02-28 00:00:00,3107841051.0
2016-02-29 00:00:00,3182724701.0
2016-03-01 00:00:00,2785272412.0
2016-03-02 00:00:00,3124094396.0
2016-03-03 00:00:00,3115924155.0
2016-03-04 00:00:00,3179721896.0
2016-03-05 00:00:00,3132293645.0
2016-03-06 00:00:00,3241248174.0
2016-03-07 00:00:00,3324217411.0
2016-03-08 00:00:00,3374520917.0
2016-03-09 00:00:00,3297192945.0
2016-03-10 00:00:00,3260087468.0
2016-03-11 00:00:00,3044527649.0
2016-03-12 00:00:00,2777158819.0
2016-03-13 00:00:00,2747114248.0
2016-03-14 00:00:00,2868284418.0
2016-03-15 00:00:00,2976449916.0
2016-03-16 00:00:00,2943515335.0
2016-03-17 00:00:00,2909552981.0
2016-03-18 00:00:00,3138644678.0
2016-03-19 00:00:00,2849462501.0
2016-03-20 00:00:00,2695520433.0
2016-03-21 00:00:00,2823941677.0
2016-03-22 00:00:00,2802593443.0
2016-03-23 00:00:00,2812511290.0
2016-03-24 00:00:00,2703884467.0
2016-03-25 00:00:00,2393587074.0
2016-03-26 00:00:00,2487209042.0
2016-03-27 00:00:00,2560795077.0
2016-03-28 00:00:00,2592286842.0
2016-03-29 00:00:00,2753013564.0
2016-03-30 00:00:00,2719695359.0
2016-03-31 00:00:00,2605932978.0
2016-04-01 00:00:00,2583222807.0
2016-04-02 00:00:00,2326659327.0
2016-04-03 00:00:00,2360711724.0
2016-04-04 00:00:00,2427932601.0
2016-04-05 00:00:00,2318187101.0
2016-04-06 00:00:00,2418799296.0
2016-04-07 00:00:00,2631774275.0
2016-04-08 00:00:00,2488088870.0
2016-04-09 00:00:00,2415725642.0
2016-04-10 00:00:00,2313544479.0
2016-04-11 00:00:00,2340932812.0
2016-04-12 00:00:00,2414591827.0
2016-04-13 00:00:00,2257187367.0
2016-04-14 00:00:00,2309901386.0
2016-04-15 00:00:00,2546799663.0
2016-04-16 00:00:00,252.6354
2016-04-17 00:00:00,2366866911.0
2016-04-18 00:00:00,2591831515.0
2016-04-19 00:00:00,2374292643.0
2016-04-20 00:00:00,2342973627.0
2016-04-21 00:00:00,2223804653.0
2016-04-22 00:00:00,2498611697.0
2016-04-23 00:00:00,2338676553.0
2016-04-24 00:00:00,2423392659.0
2016-04-25 00:00:00,2570225819.0
2016-04-26 00:00:00,2740808343.0
2016-04-27 00:00:00,2871570169.0
2016-04-28 00:00:00,2837533984.0
2016-04-29 00:00:00,2715603860.0
2016-04-30 00:00:00,2356938554.0
2016-05-01 00:00:00,2092104220.0
2016-05-02 00:00:00,2023325294.0
2016-05-03 00:00:00,2152893792.0
2016-05-04 00:00:00,1941157081.0
2016-05-05 00:00:00,1711511922.0
2016-05-06 00:00:00,1689711477.0
2016-05-07 00:00:00,1615451674.0
2016-05-08 00:00:00,1579020330.0
2016-05-09 00:00:00,1729853884.0
2016-05-10 00:00:00,1892490197.0
2016-05-11 00:00:00,1908824118.0
2016-05-12 00:00:00,1789132153.0
2016-05-13 00:00:00,1960965756.0
2016-05-14 00:00:00,1898578967.0
2016-05-15 00:00:00,1904420460.0
2016-05-16 00:00:00,2046527760.0
2016-05-17 00:00:00,1925042628.0
2016-05-18 00:00:00,2096785774.0
2016-05-19 00:00:00,1991532593.0
2016-05-20 00:00:00,1778471958.0
2016-05-21 00:00:00,1805563222.0
2016-05-22 00:00:00,1790199705.0
2016-05-23 00:00:00,1898855036.0
2016-05-24 00:00:00,1868360955.0
2016-05-25 00:00:00,2024229957.0
2016-05-26 00:00:00,1834423357.0
2016-05-27 00:00:00,1692374128.0
2016-05-28 00:00:00,1382999432.0
2016-05-29 00:00:00,1459535675.0
2016-05-30 00:00:00,1619138405.0
2016-05-31 00:00:00,1624482510.0
2016-06-01 00:00:00,1827702163.0
2016-06-02 00:00:00,1863462436.0
2016-06-03 00:00:00,1865433256.0
2016-06-04 00:00:00,1686725811.0
2016-06-05 00:00:00,1567789716.0
2016-06-06 00:00:00,1676698586.0
2016-06-07 00:00:00,1730910076.0
2016-06-08 00:00:00,1764939187.0
2016-06-09 00:00:00,1747629256.0
2016-06-10 00:00:00,1644382862.0
2016-06-11 00:00:00,1765988611.0
2016-06-12 00:00:00,1844404401.0
2016-06-13 00:00:00,2017333473.0
2016-06-14 00:00:00,2021543351.0
2016-06-15 00:00:00,2017801705.0
2016-06-16 00:00:00,1992525995.0
2016-06-17 00:00:00,2084165385.0
2016-06-18 00:00:00,2030370568.0
2016-06-19 00:00:00,1938469256.0
2016-06-20 00:00:00,1823032266.0
2016-06-21 00:00:00,1817104656.0
2016-06-22 00:00:00,1665200802.0
2016-06-23 00:00:00,1481298437.0
2016-06-24 00:00:00,1550275783.0
2016-06-25 00:00:00,1540426432.0
2016-06-26 00:00:00,1552703118.0
2016-06-27 00:00:00,1661428219.0
2016-06-28 00:00:00,1635919921.0
2016-06-29 00:00:00,1678119327.0
2016-06-30 00:00:00,1550444692.0
2016-07-01 00:00:00,1551472386.0
2016-07-02 00:00:00,1602196533.0
2016-07-03 00:00:00,1625952726.0
2016-07-04 00:00:00,1604672848.0
2016-07-05 00:00:00,1522058228.0
2016-07-06 00:00:00,1495708247.0
2016-07-07 00:00:00,1492895468.0
2016-07-08 00:00:00,1455968984.0
2016-07-09 00:00:00,1518762007.0
2016-07-10 00:00:00,1451462558.0
2016-07-11 00:00:00,1459056867.0
2016-07-12 00:00:00,1512035926.0
2016-07-13 00:00:00,1522577996.0
2016-07-14 00:00:00,1514775125.0
2016-07-15 00:00:00,1464950142.0
2016-07-16 00:00:00,1390949469.0
2016-07-17 00:00:00,1373268095.0
2016-07-18 00:00:00,1412273956.0
2016-07-19 00:00:00,1329415602.0
2016-07-20 00:00:00,1369540504.0
2016-07-21 00:00:00,1407722761.0
2016-07-22 00:00:00,1392099634.0
2016-07-23 00:00:00,1424681040.0
2016-07-24 00:00:00,1494231347.0
2016-07-25 00:00:00,1341638243.0
2016-07-26 00:00:00,1434333823.0
2016-07-27 00:00:00,1441752289.0
2016-07-28 00:00:00,1579004974.0
2016-07-29 00:00:00,1407297025.0
2016-07-30 00:00:00,1515589867.0
2016-07-31 00:00:00,1356787798.0
2016-08-01 00:00:00,1451305423.0
2016-08-02 00:00:00,1390669661.0
2016-08-03 00:00:00,1203048965.0
2016-08-04 00:00:00,1282124682.0
2016-08-05 00:00:00,1345315353.0
2016-08-06 00:00:00,1124685141.0
2016-08-07 00:00:00,1089455598.0
2016-08-08 00:00:00,1167050265.0
2016-08-09 00:00:00,1306447317.0
2016-08-10 00:00:00,1393656357.0
2016-08-11 00:00:00,1244023610.0
2016-08-12 00:00:00,1256412188.0
2016-08-13 00:00:00,1369337998.0
2016-08-14 00:00:00,1366785999.0
2016-08-15 00:00:00,1323062954.0
2016-08-16 00:00:00,1296164278.0
2016-08-17 00:00:00,1298079223.0
2016-08-18 00:00:00,1324512326.0
2016-08-19 00:00:00,1280821686.0
2016-08-20 00:00:00,1152714665.0
2016-08-21 00:00:00,1246542740.0
2016-08-22 00:00:00,1364856750.0
2016-08-23 00:00:00,1396646311.0
2016-08-24 00:00:00,1421490172.0
2016-08-25 00:00:00,1477076192.0
2016-08-26 00:00:00,1403508088.0
2016-08-27 00:00:00,1238930593.0
2016-08-28 00:00:00,1235617580.0
2016-08-29 00:00:00,1387858609.0
2016-08-30 00:00:00,1402064984.0
2016-08-31 00:00:00,1355700125.0
2016-09-01 00:00:00,1377966178.0
2016-09-02 00:00:00,1492646851.0
2016-09-03 00:00:00,1303162649.0
2016-09-04 00:00:00,1293890526.0
2016-09-05 00:00:00,1446222777.0
2016-09-06 00:00:00,1454153501.0
2016-09-07 00:00:00,1482026814.0
2016-09-08 00:00:00,1537133274.0
2016-09-09 00:00:00,1481160695.0
2016-09-10 00:00:00,1414744284.0
2016-09-11 00:00:00,1379622526.0
2016-09-12 00:00:00,1537038867.0
2016-09-13 00:00:00,1444020512.0
2016-09-14 00:00:00,1385767978.0
2016-09-15 00:00:00,1394814280.0
2016-09-16 00:00:00,1349437910.0
2016-09-17 00:00:00,1357536733.0
2016-09-18 00:00:00,1374821507.0
2016-09-19 00:00:00,1586144248.0
2016-09-20 00:00:00,1643333587.0
2016-09-21 00:00:00,1645700579.0
2016-09-22 00:00:00,1549616917.0
2016-09-23 00:00:00,1698206533.0
2016-09-24 00:00:00,1493288376.0
2016-09-25 00:00:00,1317184148.0
2016-09-26 00:00:00,1654181134.0
2016-09-27 00:00:00,1521543053.0
2016-09-28 00:00:00,1482612337.0
2016-09-29 00:00:00,1454562321.0
2016-09-30 00:00:00,1703496289.0
2016-10-01 00:00:00,1879378053.0
2016-10-02 00:00:00,1780015054.0
2016-10-03 00:00:00,1813639880.0
2016-10-04 00:00:00,1812960714.0
2016-10-05 00:00:00,1800000669.0
2016-10-06 00:00:00,2054386929.0
2016-10-07 00:00:00,2047512098.0
2016-10-08 00:00:00,2084984125.0
2016-10-09 00:00:00,2078915135.0
2016-10-10 00:00:00,2329149466.0
2016-10-11 00:00:00,2358112167.0
2016-10-12 00:00:00,2264971961.0
2016-10-13 00:00:00,2319992337.0
2016-10-14 00:00:00,2266506037.0
2016-10-15 00:00:00,2277867749.0
2016-10-16 00:00:00,2288275498.0
2016-10-17 00:00:00,2207372456.0
2016-10-18 00:00:00,2241969920.0
2016-10-19 00:00:00,2414787788.0
2016-10-20 00:00:00,2419232658.0
2016-10-21 00:00:00,2446975477.0
2016-10-22 00:00:00,2405064090.0
2016-10-23 00:00:00,2481188733.0
2016-10-24 00:00:00,2586418417.0
2016-10-25 00:00:00,2525507907.0
2016-10-26 00:00:00,2439917923.0
2016-10-27 00:00:00,2336034364.0
2016-10-28 00:00:00,2270716011.0
2016-10-29 00:00:00,2297302012.0
2016-10-30 00:00:00,2299507291.0
2016-10-31 00:00:00,2382574561.0
2016-11-01 00:00:00,2635520459.0
2016-11-02 00:00:00,2908837595.0
2016-11-03 00:00:00,3031082899.0
2016-11-04 00:00:00,2836228065.0
2016-11-05 00:00:00,2631919497.0
2016-11-06 00:00:00,2874517881.0
2016-11-07 00:00:00,3281310622.0
2016-11-08 00:00:00,3449981791.0
2016-11-09 00:00:00,3321891528.0
2016-11-10 00:00:00,3262487609.0
2016-11-11 00:00:00,3119131684.0
2016-11-12 00:00:00,2841107967.0
2016-11-13 00:00:00,2901352179.0
2016-11-14 00:00:00,2862543675.0
2016-11-15 00:00:00,2705534109.0
2016-11-16 00:00:00,2737238890.0
2016-11-17 00:00:00,3111167642.0
2016-11-18 00:00:00,3307054635.0
2016-11-19 00:00:00,3165868409.0
2016-11-20 00:00:00,3312465316.0
2016-11-21 00:00:00,3255634474.0
2016-11-22 00:00:00,3151480468.0
2016-11-23 00:00:00,3246759980.0
2016-11-24 00:00:00,3256042092.0
2016-11-25 00:00:00,3261799635.0
2016-11-26 00:00:00,3284976352.0
2016-11-27 00:00:00,3233239171.0
2016-11-28 00:00:00,3366948539.0
2016-11-29 00:00:00,3795272308.0
2016-11-30 00:00:00,3755054978.0
2016-12-01 00:00:00,3628180687.0
2016-12-02 00:00:00,3473495924.0
2016-12-03 00:00:00,3284907413.0
2016-12-04 00:00:00,3366293364.0
2016-12-05 00:00:00,3888055600.0
2016-12-06 00:00:00,3507396122.0
2016-12-07 00:00:00,2832670710.0
2016-12-08 00:00:00,2926673099.0
2016-12-09 00:00:00,2641577497.0
2016-12-10 00:00:00,2825472126.0
2016-12-11 00:00:00,3047988528.0
2016-12-12 00:00:00,3321609076.0
2016-12-13 00:00:00,3079708094.0
2016-12-14 00:00:00,2942508502.0
2016-12-15 00:00:00,3034087266.0
2016-12-16 00:00:00,3024181747.0
2016-12-17 00:00:00,3006250833.0
2016-12-18 00:00:00,3043446051.0
2016-12-19 00:00:00,3323110698.0
2016-12-20 00:00:00,3296412094.0
2016-12-21 00:00:00,3092747038.0
2016-12-22 00:00:00,3098180825.0
2016-12-23 00:00:00,2840263261.0
2016-12-24 00:00:00,3096312579.0
2016-12-25 00:00:00,2694019120.0
2016-12-26 00:00:00,2864267780.0
2016-12-27 00:00:00,3248389770.0
2016-12-28 00:00:00,3420024529.0
2016-12-29 00:00:00,3363812203.0
2016-12-30 00:00:00,3310848026.0
2016-12-31 00:00:00,3172129523.0
2017-01-01 00:00:00,3334356681.0
2017-01-02 00:00:00,3538934704.0
2017-01-03 00:00:00,3594213296.0
2017-01-04 00:00:00,3587409335.0
2017-01-05 00:00:00,3913420932.0
2017-01-06 00:00:00,3693772164.0
2017-01-07 00:00:00,3199112569.0
2017-01-08 00:00:00,3131882609.0
2017-01-09 00:00:00,3233889371.0
2017-01-10 00:00:00,3225662988.0
2017-01-11 00:00:00,3286371966.0
2017-01-12 00:00:00,3636987483.0
2017-01-13 00:00:00,3740822168.0
2017-01-14 00:00:00,3476903068.0
2017-01-15 00:00:00,3400215143.0
2017-01-16 00:00:00,3453129951.0
2017-01-17 00:00:00,3570708270.0
2017-01-18 00:00:00,3619916686.0
2017-01-19 00:00:00,3655479468.0
2017-01-20 00:00:00,3646521768.0
2017-01-21 00:00:00,3641656069.0
2017-01-22 00:00:00,3735229300.0
2017-01-23 00:00:00,3846019804.0
2017-01-24 00:00:00,3595877070.0
2017-01-25 00:00:00,3565851616.0
2017-01-26 00:00:00,3999494057.0
2017-01-27 00:00:00,3831603839.0
2017-01-28 00:00:00,3345541783.0
2017-01-29 00:00:00,3395825445.0
2017-01-30 00:00:00,3361239046.0
2017-01-31 00:00:00,3426744902.0
2017-02-01 00:00:00,3251707832.0
2017-02-02 00:00:00,3237819222.0
2017-02-03 00:00:00,3257455206.0
2017-02-04 00:00:00,3411981201.0
2017-02-05 00:00:00,3500195463.0
2017-02-06 00:00:00,3440717559.0
2017-02-07 00:00:00,3276694634.0
2017-02-08 00:00:00,3523144862.0
2017-02-09 00:00:00,3844547832.0
2017-02-10 00:00:00,3875662981.0
2017-02-11 00:00:00,3546860192.0
2017-02-12 00:00:00,3396198678.0
2017-02-13 00:00:00,3271627911.0
2017-02-14 00:00:00,3380591022.0
2017-02-15 00:00:00,3031143105.0
2017-02-16 00:00:00,2889806340.0
2017-02-17 00:00:00,2900947249.0
2017-02-18 00:00:00,2799166818.0
2017-02-19 00:00:00,2744819730.0
2017-02-20 00:00:00,2728482255.0
2017-02-21 00:00:00,2689599232.0
2017-02-22 00:00:00,2719887343.0
2017-02-23 00:00:00,2894552514.0
2017-02-24 00:00:00,3000672301.0
2017-02-25 00:00:00,2725527708.0
2017-02-26 00:00:00,2624180026.0
2017-02-27 00:00:00,3202709237.0
2017-02-28 00:00:00,3348014892.0
2017-03-01 00:00:00,3231383062.0
2017-03-02 00:00:00,3108914842.0
2017-03-03 00:00:00,3123061457.0
2017-03-04 00:00:00,2836764200.0
2017-03-05 00:00:00,2933937118.0
2017-03-06 00:00:00,3063401519.0
2017-03-07 00:00:00,2913836873.0
2017-03-08 00:00:00,2632084494.0
2017-03-09 00:00:00,2599008881.0
2017-03-10 00:00:00,2664622766.0
2017-03-11 00:00:00,2589132153.0
2017-03-12 00:00:00,2617921330.0
2017-03-13 00:00:00,2627759164.0
2017-03-14 00:00:00,2302603614.0
2017-03-15 00:00:00,2380108290.0
2017-03-16 00:00:00,2554047525.0
2017-03-17 00:00:00,2530184549.0
2017-03-18 00:00:00,2381082899.0
2017-03-19 00:00:00,2344848273.0
2017-03-20 00:00:00,2485176834.0
2017-03-21 00:00:00,2759138520.0
2017-03-22 00:00:00,2992100509.0
2017-03-23 00:00:00,2852385655.0
2017-03-24 00:00:00,2682066887.0
2017-03-25 00:00:00,2306479945.0
2017-03-26 00:00:00,2255120601.0
2017-03-27 00:00:00,2552677221.0
2017-03-28 00:00:00,2487260962.0
2017-03-29 00:00:00,2282595674.0
2017-03-30 00:00:00,2182084609.0
2017-03-31 00:00:00,2318730737.0
2017-04-01 00:00:00,2223589049.0
2017-04-02 00:00:00,2045989891.0
2017-04-03 00:00:00,2077289204.0
2017-04-04 00:00:00,2179783356.0
2017-04-05 00:00:00,2232293332.0
2017-04-06 00:00:00,2234024573.0
2017-04-07 00:00:00,2200060492.0
2017-04-08 00:00:00,1888298902.0
2017-04-09 00:00:00,1799867214.0
2017-04-10 00:00:00,2026325087.0
2017-04-11 00:00:00,2009614917.0
2017-04-12 00:00:00,2063764499.0
2017-04-13 00:00:00,2265483742.0
2017-04-14 00:00:00,2117648543.0
2017-04-15 00:00:00,2079591332.0
2017-04-16 00:00:00,2057322314.0
2017-04-17 00:00:00,2214709427.0
2017-04-18 00:00:00,2384946252.0
2017-04-19 00:00:00,2393741726.0
2017-04-20 00:00:00,2269595642.0
2017-04-21 00:00:00,2120898132.0
2017-04-22 00:00:00,2020116783.0
2017-04-23 00:00:00,1949175343.0
2017-04-24 00:00:00,2188400591.0
2017-04-25 00:00:00,2492259543.0
2017-04-26 00:00:00,2748921459.0
2017-04-27 00:00:00,2683581932.0
2017-04-28 00:00:00,2447438690.0
2017-04-29 00:00:00,2155136316.0
2017-04-30 00:00:00,2128446822.0
2017-05-01 00:00:00,2019119406.0
2017-05-02 00:00:00,2082378525.0
2017-05-03 00:00:00,2225647656.0
2017-05-04 00:00:00,1977934200.0
2017-05-05 00:00:00,1882889765.0
2017-05-06 00:00:00,1943710368.0
2017-05-07 00:00:00,1837045784.0
2017-05-08 00:00:00,2090225745.0
2017-05-09 00:00:00,2176922437.0
2017-05-10 00:00:00,1939776550.0
2017-05-11 00:00:00,1754090070.0
2017-05-12 00:00:00,1804246576.0
2017-05-13 00:00:00,1459479296.0
2017-05-14 00:00:00,1395710179.0
2017-05-15 00:00:00,1719647494.0
2017-05-16 00:00:00,1612427340.0
2017-05-17 00:00:00,1845669082.0
2017-05-18 00:00:00,1791127965.0
2017-05-19 00:00:00,1809638080.0
2017-05-20 00:00:00,1499191001.0
2017-05-21 00:00:00,1432516585.0
2017-05-22 00:00:00,1483042488.0
2017-05-23 00:00:00,1536058012.0
2017-05-24 00:00:00,1472215615.0
2017-05-25 00:00:00,1369356289.0
2017-05-26 00:00:00,1329045908.0
2017-05-27 00:00:00,1361407391.0
2017-05-28 00:00:00,1382525861.0
2017-05-29 00:00:00,1464026697.0
2017-05-30 00:00:00,1402187150.0
2017-05-31 00:00:00,1535548052.0
2017-06-01 00:00:00,1308865392.0
2017-06-02 00:00:00,1486239756.0
2017-06-03 00:00:00,1380013501.0
2017-06-04 00:00:00,1376275781.0
2017-06-05 00:00:00,1464568745.0
2017-06-06 00:00:00,1495584742.0
2017-06-07 00:00:00,1408897362.0
2017-06-08 00:00:00,1474466940.0
2017-06-09 00:00:00,1391231517.0
2017-06-10 00:00:00,1251183773.0
2017-06-11 00:00:00,1249203813.0
2017-06-12 00:00:00,1363166461.0
2017-06-13 00:00:00,1467057068.0
2017-06-14 00:00:00,1731966015.0
2017-06-15 00:00:00,1654431802.0
2017-06-16 00:00:00,1637764490.0
2017-06-17 00:00:00,1463779692.0
2017-06-18 00:00:00,1445023372.0
2017-06-19 00:00:00,1584020850.0
2017-06-20 00:00:00,1756423562.0
2017-06-21 00:00:00,1617758623.0
2017-06-22 00:00:00,1557066104.0
2017-06-23 00:00:00,1672734776.0
2017-06-24 00:00:00,1401803752.0
2017-06-25 00:00:00,1383675071.0
2017-06-26 00:00:00,1546781082.0
2017-06-27 00:00:00,1554525667.0
2017-06-28 00:00:00,1600698601.0
2017-06-29 00:00:00,1552294837.0
2017-06-30 00:00:00,1454382516.0
2017-07-01 00:00:00,1308024308.0
2017-07-02 00:00:00,1277548202.0
2017-07-03 00:00:00,1414026596.0
2017-07-04 00:00:00,1457223280.0
2017-07-05 00:00:00,1463356755.0
2017-07-06 00:00:00,1456593122.0
2017-07-07 00:00:00,1493214601.0
2017-07-08 00:00:00,1497122740.0
2017-07-09 00:00:00,1535565283.0
2017-07-10 00:00:00,1497721801.0
2017-07-11 00:00:00,1519037616.0
2017-07-12 00:00:00,1425344852.0
2017-07-13 00:00:00,1531384730.0
2017-07-14 00:00:00,1468279504.0
2017-07-15 00:00:00,1458129915.0
2017-07-16 00:00:00,1448465223.0
2017-07-17 00:00:00,1452620069.0
2017-07-18 00:00:00,1262434482.0
2017-07-19 00:00:00,1397999756.0
2017-07-20 00:00:00,1340254898.0
2017-07-21 00:00:00,1245807546.0
2017-07-22 00:00:00,1323213720.0
2017-07-23 00:00:00,1293152092.0
2017-07-24 00:00:00,1373141170.0
2017-07-25 00:00:00,1430355605.0
2017-07-26 00:00:00,1270364817.0
2017-07-27 00:00:00,1261905561.0
2017-07-28 00:00:00,1238256334.0
2017-07-29 00:00:00,1312347740.0
2017-07-30 00:00:00,1230353303.0
2017-07-31 00:00:00,1231858595.0
2017-08-01 00:00:00,1295490232.0
2017-08-02 00:00:00,1241114325.0
2017-08-03 00:00:00,1146456400.0
2017-08-04 00:00:00,1146420232.0
2017-08-05 00:00:00,1133109380.0
2017-08-06 00:00:00,1085000524.0
2017-08-07 00:00:00,1338792638.0
2017-08-08 00:00:00,1383024719.0
2017-08-09 00:00:00,1359860124.0
2017-08-10 00:00:00,1346975405.0
2017-08-11 00:00:00,1258448926.0
2017-08-12 00:00:00,1390442855.0
2017-08-13 00:00:00,1431627762.0
2017-08-14 00:00:00,1417618469.0
2017-08-15 00:00:00,1376516093.0
2017-08-16 00:00:00,1315294267.0
2017-08-17 00:00:00,1226022795.0
2017-08-18 00:00:00,1242277361.0
2017-08-19 00:00:00,1179548153.0
2017-08-20 00:00:00,1266628348.0
2017-08-21 00:00:00,1455695282.0
2017-08-22 00:00:00,1344297469.0
2017-08-23 00:00:00,1345426192.0
2017-08-24 00:00:00,1464909166.0
2017-08-25 00:00:00,1513308854.0
2017-08-26 00:00:00,1539421516.0
2017-08-27 00:00:00,1535535593.0
2017-08-28 00:00:00,1499599724.0
2017-08-29 00:00:00,1487869197.0
2017-08-30 00:00:00,1461058182.0
2017-08-31 00:00:00,1512246744.0
2017-09-01 00:00:00,1476127935.0
2017-09-02 00:00:00,1402070699.0
2017-09-03 00:00:00,1368103184.0
2017-09-04 00:00:00,1420118742.0
2017-09-05 00:00:00,1355719881.0
2017-09-06 00:00:00,1391579188.0
2017-09-07 00:00:00,1413636096.0
2017-09-08 00:00:00,1419112298.0
2017-09-09 00:00:00,1361873126.0
2017-09-10 00:00:00,1380835239.0
2017-09-11 00:00:00,1427287545.0
2017-09-12 00:00:00,1566445433.0
2017-09-13 00:00:00,1611019105.0
2017-09-14 00:00:00,1657802494.0
2017-09-15 00:00:00,1801011908.0
2017-09-16 00:00:00,1720688060.0
2017-09-17 00:00:00,1709966235.0
2017-09-18 00:00:00,1901584064.0
2017-09-19 00:00:00,1875126985.0
2017-09-20 00:00:00,1750338605.0
2017-09-21 00:00:00,1755037068.0
2017-09-22 00:00:00,1793057796.0
2017-09-23 00:00:00,1671571460.0
2017-09-24 00:00:00,1648564677.0
2017-09-25 00:00:00,1692094732.0
2017-09-26 00:00:00,1727900699.0
2017-09-27 00:00:00,1596145931.0
2017-09-28 00:00:00,1673285003.0
2017-09-29 00:00:00,1793248090.0
2017-09-30 00:00:00,1918933603.0
2017-10-01 00:00:00,2028348164.0
2017-10-02 00:00:00,2059173248.0
2017-10-03 00:00:00,2153119090.0
2017-10-04 00:00:00,2120125204.0
2017-10-05 00:00:00,2031242911.0
2017-10-06 00:00:00,2253457226.0
2017-10-07 00:00:00,2069723328.0
2017-10-08 00:00:00,2033567277.0
2017-10-09 00:00:00,1997056706.0
2017-10-10 00:00:00,1838974328.0
2017-10-11 00:00:00,1783163421.0
2017-10-12 00:00:00,1978482458.0
2017-10-13 00:00:00,1827426217.0
2017-10-14 00:00:00,1940896743.0
2017-10-15 00:00:00,1986608232.0
2017-10-16 00:00:00,2033358569.0
2017-10-17 00:00:00,2038323287.0
2017-10-18 00:00:00,2248768171.0
2017-10-19 00:00:00,2195288958.0
2017-10-20 00:00:00,2014078389.0
2017-10-21 00:00:00,2047195681.0
2017-10-22 00:00:00,2200956181.0
2017-10-23 00:00:00,2223743182.0
2017-10-24 00:00:00,2018799677.0
2017-10-25 00:00:00,2076560347.0
2017-10-26 00:00:00,2275920277.0
2017-10-27 00:00:00,2257976221.0
2017-10-28 00:00:00,2100626311.0
2017-10-29 00:00:00,2172690928.0
2017-10-30 00:00:00,2796792339.0
2017-10-31 00:00:00,2466925407.0
2017-11-01 00:00:00,2519173508.0
2017-11-02 00:00:00,2849383013.0
2017-11-03 00:00:00,2725727688.0
2017-11-04 00:00:00,2434224596.0
2017-11-05 00:00:00,2580472678.0
2017-11-06 00:00:00,2898419090.0
2017-11-07 00:00:00,2883338969.0
2017-11-08 00:00:00,3034319119.0
2017-11-09 00:00:00,2786469782.0
2017-11-10 00:00:00,2734743209.0
2017-11-11 00:00:00,2792863219.0
2017-11-12 00:00:00,2741541424.0
2017-11-13 00:00:00,3301358233.0
2017-11-14 00:00:00,2958588121.0
2017-11-15 00:00:00,2894531396.0
2017-11-16 00:00:00,2783057884.0
2017-11-17 00:00:00,3022167959.0
2017-11-18 00:00:00,2868113177.0
2017-11-19 00:00:00,2956992435.0
2017-11-20 00:00:00,2818655755.0
2017-11-21 00:00:00,2587197630.0
2017-11-22 00:00:00,2558728482.0
2017-11-23 00:00:00,2734971766.0
2017-11-24 00:00:00,3128401288.0
2017-11-25 00:00:00,2953241207.0
2017-11-26 00:00:00,2906112316.0
2017-11-27 00:00:00,3049136726.0
2017-11-28 00:00:00,3287827718.0
2017-11-29 00:00:00,791542021.0
2017-11-30 00:00:00,3711088706.0
2017-12-01 00:00:00,3721905854.0
2017-12-02 00:00:00,3242753184.0
2017-12-03 00:00:00,3191068997.0
2017-12-04 00:00:00,3288724137.0
2017-12-05 00:00:00,3220275793.0
2017-12-06 00:00:00,3011005769.0
2017-12-07 00:00:00,2969986778.0
2017-12-08 00:00:00,3430328085.0
2017-12-09 00:00:00,3674482933.0
2017-12-10 00:00:00,3689504798.0
2017-12-11 00:00:00,4042126526.0
2017-12-12 00:00:00,3951192858.0
2017-12-13 00:00:00,3447509454.0
2017-12-14 00:00:00,3633422669.0
2017-12-15 00:00:00,3656091716.0
2017-12-16 00:00:00,3662049368.0
2017-12-17 00:00:00,3310248783.0
2017-12-18 00:00:00,3639712174.0
2017-12-19 00:00:00,3508196043.0
2017-12-20 00:00:00,3123012859.0
2017-12-21 00:00:00,3063524300.0
2017-12-22 00:00:00,3027416248.0
2017-12-23 00:00:00,2962166373.0
2017-12-24 00:00:00,2889784298.0
2017-12-25 00:00:00,2895614295.0
2017-12-26 00:00:00,3090363074.0
2017-12-27 00:00:00,3345599560.0
2017-12-28 00:00:00,3520228969.0
2017-12-29 00:00:00,3531551691.0
2017-12-30 00:00:00,3206017442.0
2017-12-31 00:00:00,3114043137.0
2018-01-01 00:00:00,3250378280.0
2018-01-02 00:00:00,3421883442.0
2018-01-03 00:00:00,3489378660.0
2018-01-04 00:00:00,3411285006.0
2018-01-05 00:00:00,3507242903.0
2018-01-06 00:00:00,3435609135.0
2018-01-07 00:00:00,3532315887.0
2018-01-08 00:00:00,3929762644.0
2018-01-09 00:00:00,3732362834.0
2018-01-10 00:00:00,3597264526.0
2018-01-11 00:00:00,3651652988.0
2018-01-12 00:00:00,3423144379.0
2018-01-13 00:00:00,3395417188.0
2018-01-14 00:00:00,3375492720.0
2018-01-15 00:00:00,3287697363.0
2018-01-16 00:00:00,3449962971.0
2018-01-17 00:00:00,3606795961.0
2018-01-18 00:00:00,3623239336.0
2018-01-19 00:00:00,3695854776.0
2018-01-20 00:00:00,3698900601.0
2018-01-21 00:00:00,3528770698.0
2018-01-22 00:00:00,3267507085.0
2018-01-23 00:00:00,2986736753.0
2018-01-24 00:00:00,3024225944.0
2018-01-25 00:00:00,3367456238.0
2018-01-26 00:00:00,3546784041.0
2018-01-27 00:00:00,3165941730.0
2018-01-28 00:00:00,3104274906.0
2018-01-29 00:00:00,3319591685.0
2018-01-30 00:00:00,3313330319.0
2018-01-31 00:00:00,3456108418.0
2018-02-01 00:00:00,3498467579.0
2018-02-02 00:00:00,3609329983.0
2018-02-03 00:00:00,3595841027.0
2018-02-04 00:00:00,3580702017.0
2018-02-05 00:00:00,3979570437.0
2018-02-06 00:00:00,4080622752.0
2018-02-07 00:00:00,4004663848.0
2018-02-08 00:00:00,3708932152.0
2018-02-09 00:00:00,3525527494.0
2018-02-10 00:00:00,3367084778.0
2018-02-11 00:00:00,3385474091.0
2018-02-12 00:00:00,3518873575.0
2018-02-13 00:00:00,3742200186.0
2018-02-14 00:00:00,3598108504.0
2018-02-15 00:00:00,3382377158.0
2018-02-16 00:00:00,3332747679.0
2018-02-17 00:00:00,3453847646.0
2018-02-18 00:00:00,3404922044.0
2018-02-19 00:00:00,3209029705.0
2018-02-20 00:00:00,3236247523.0
2018-02-21 00:00:00,3488597383.0
2018-02-22 00:00:00,3408735924.0
2018-02-23 00:00:00,3335741625.0
2018-02-24 00:00:00,3077456945.0
2018-02-25 00:00:00,3160761132.0
2018-02-26 00:00:00,3858068475.0
2018-02-27 00:00:00,4089136065.0
2018-02-28 00:00:00,4247474321.0
2018-03-01 00:00:00,4420165223.0
2018-03-02 00:00:00,4163630949.0
2018-03-03 00:00:00,3624122189.0
2018-03-04 00:00:00,3350204333.0
2018-03-05 00:00:00,3325839536.0
2018-03-06 00:00:00,3284216276.0
2018-03-07 00:00:00,3244112438.0
2018-03-08 00:00:00,3353521062.0
2018-03-09 00:00:00,3255716405.0
2018-03-10 00:00:00,3124051266.0
2018-03-11 00:00:00,3168304225.0
2018-03-12 00:00:00,3173330558.0
2018-03-13 00:00:00,3353898648.0
2018-03-14 00:00:00,3139449864.0
2018-03-15 00:00:00,2990146400.0
2018-03-16 00:00:00,3067852104.0
2018-03-17 00:00:00,3313669523.0
2018-03-18 00:00:00,3661434303.0
2018-03-19 00:00:00,3679102259.0
2018-03-20 00:00:00,3509135277.0
2018-03-21 00:00:00,3083812255.0
2018-03-22 00:00:00,2863785945.0
2018-03-23 00:00:00,2771368391.0
2018-03-24 00:00:00,2814797219.0
2018-03-25 00:00:00,2971345377.0
2018-03-26 00:00:00,2870160017.0
2018-03-27 00:00:00,2872231925.0
2018-03-28 00:00:00,3225117429.0
2018-03-29 00:00:00,3125698854.0
2018-03-30 00:00:00,3064306813.0
2018-03-31 00:00:00,3189719751.0
2018-04-01 00:00:00,2941118713.0
2018-04-02 00:00:00,2792446658.0
2018-04-03 00:00:00,2652684269.0
2018-04-04 00:00:00,2691374825.0
2018-04-05 00:00:00,2663290859.0
2018-04-06 00:00:00,2310893234.0
2018-04-07 00:00:00,2419808025.0
2018-04-08 00:00:00,2559378048.0
2018-04-09 00:00:00,2648838336.0
2018-04-10 00:00:00,2715368076.0
2018-04-11 00:00:00,2860170594.0
2018-04-12 00:00:00,2997561474.0
2018-04-13 00:00:00,2896304899.0
2018-04-14 00:00:00,2342822909.0
2018-04-15 00:00:00,2210738169.0
2018-04-16 00:00:00,2060329467.0
2018-04-17 00:00:00,1936563778.0
2018-04-18 00:00:00,1925101150.0
2018-04-19 00:00:00,1862395843.0
2018-04-20 00:00:00,1705889317.0
2018-04-21 00:00:00,1803447919.0
2018-04-22 00:00:00,1886811625.0
2018-04-23 00:00:00,1898214208.0
2018-04-24 00:00:00,2032650324.0
2018-04-25 00:00:00,1916304691.0
2018-04-26 00:00:00,2032830888.0
2018-04-27 00:00:00,2455376702.0
2018-04-28 00:00:00,2292874204.0
2018-04-29 00:00:00,2364666203.0
2018-04-30 00:00:00,2587607307.0
2018-05-01 00:00:00,2150697906.0
2018-05-02 00:00:00,2167267382.0
2018-05-03 00:00:00,2068048746.0
2018-05-04 00:00:00,1795751576.0
2018-05-05 00:00:00,1494767659.0
2018-05-06 00:00:00,1374457387.0
2018-05-07 00:00:00,1437270115.0
2018-05-08 00:00:00,1552158093.0
2018-05-09 00:00:00,1592138877.0
2018-05-10 00:00:00,1602316538.0
2018-05-11 00:00:00,1632984288.0
2018-05-12 00:00:00,1632130544.0
2018-05-13 00:00:00,1538444793.0
2018-05-14 00:00:00,1498882107.0
2018-05-15 00:00:00,1477222414.0
2018-05-16 00:00:00,1659314492.0
2018-05-17 00:00:00,1733137154.0
2018-05-18 00:00:00,1731039090.0
2018-05-19 00:00:00,1432890926.0
2018-05-20 00:00:00,1436692329.0
2018-05-21 00:00:00,1490716386.0
2018-05-22 00:00:00,1465017157.0
2018-05-23 00:00:00,1793946977.0
2018-05-24 00:00:00,1611103314.0
2018-05-25 00:00:00,1591975343.0
2018-05-26 00:00:00,1468915691.0
2018-05-27 00:00:00,1392484040.0
2018-05-28 00:00:00,1396739708.0
2018-05-29 00:00:00,1343337700.0
2018-05-30 00:00:00,1619146450.0
2018-05-31 00:00:00,1538613665.0
2018-06-01 00:00:00,1453593780.0
2018-06-02 00:00:00,1295634401.0
2018-06-03 00:00:00,1261961764.0
2018-06-04 00:00:00,1447763562.0
2018-06-05 00:00:00,1500061857.0
2018-06-06 00:00:00,1505623091.0
2018-06-07 00:00:00,1518252252.0
2018-06-08 00:00:00,1494082122.0
2018-06-09 00:00:00,1334440365.0
2018-06-10 00:00:00,1333825167.0
2018-06-11 00:00:00,1430999522.0
2018-06-12 00:00:00,1481905910.0
2018-06-13 00:00:00,1516255453.0
2018-06-14 00:00:00,1614553036.0
2018-06-15 00:00:00,1499350158.0
2018-06-16 00:00:00,1502831625.0
2018-06-17 00:00:00,1457161064.0
2018-06-18 00:00:00,1488198531.0
2018-06-19 00:00:00,1428771926.0
2018-06-20 00:00:00,1363757678.0
2018-06-21 00:00:00,1507949995.0
2018-06-22 00:00:00,1508387735.0
2018-06-23 00:00:00,1575667220.0
2018-06-24 00:00:00,1618227259.0
2018-06-25 00:00:00,1581244055.0
2018-06-26 00:00:00,1563344181.0
2018-06-27 00:00:00,1503591551.0
2018-06-28 00:00:00,1378717926.0
2018-06-29 00:00:00,1432426814.0
2018-06-30 00:00:00,1200801554.0
2018-07-01 00:00:00,1399774048.0
2018-07-02 00:00:00,1395519069.0
2018-07-03 00:00:00,1420170246.0
2018-07-04 00:00:00,1501765055.0
2018-07-05 00:00:00,1481158477.0
2018-07-06 00:00:00,1448999708.0
2018-07-07 00:00:00,1457196831.0
2018-07-08 00:00:00,1429992505.0
2018-07-09 00:00:00,1385938482.0
2018-07-10 00:00:00,1443470953.0
2018-07-11 00:00:00,1477145939.0
2018-07-12 00:00:00,1503244436.0
2018-07-13 00:00:00,1493932572.0
2018-07-14 00:00:00,1483317312.0
2018-07-15 00:00:00,1408718268.0
2018-07-16 00:00:00,1511068853.0
2018-07-17 00:00:00,1462139867.0
2018-07-18 00:00:00,1470384807.0
2018-07-19 00:00:00,1412729230.0
2018-07-20 00:00:00,1446576035.0
2018-07-21 00:00:00,1545353630.0
2018-07-22 00:00:00,1387801588.0
2018-07-23 00:00:00,1328660135.0
2018-07-24 00:00:00,1397589850.0
2018-07-25 00:00:00,1356667564.0
2018-07-26 00:00:00,1432670474.0
2018-07-27 00:00:00,1244486337.0
2018-07-28 00:00:00,1213820947.0
2018-07-29 00:00:00,1355686238.0
2018-07-30 00:00:00,1198726912.0
2018-07-31 00:00:00,1382312554.0
2018-08-01 00:00:00,1337963921.0
2018-08-02 00:00:00,1070021085.0
2018-08-03 00:00:00,1314310067.0
2018-08-04 00:00:00,1272230413.0
2018-08-05 00:00:00,1286857810.0
2018-08-06 00:00:00,1359062814.0
2018-08-07 00:00:00,1413305828.0
2018-08-08 00:00:00,1306795783.0
2018-08-09 00:00:00,1481717993.0
2018-08-10 00:00:00,1390149814.0
2018-08-11 00:00:00,1485050796.0
2018-08-12 00:00:00,1464019443.0
2018-08-13 00:00:00,1417002451.0
2018-08-14 00:00:00,1450421397.0
2018-08-15 00:00:00,1361688951.0
2018-08-16 00:00:00,1452990095.0
2018-08-17 00:00:00,1278384635.0
2018-08-18 00:00:00,1381708219.0
2018-08-19 00:00:00,1278499347.0
2018-08-20 00:00:00,1507540769.0
2018-08-21 00:00:00,1344563794.0
2018-08-22 00:00:00,1388352960.0
2018-08-23 00:00:00,1245382131.0
2018-08-24 00:00:00,1145595497.0
2018-08-25 00:00:00,1227809253.0
2018-08-26 00:00:00,1359338493.0
2018-08-27 00:00:00,1371485685.0
2018-08-28 00:00:00,1420136177.0
2018-08-29 00:00:00,1457354519.0
2018-08-30 00:00:00,1551219028.0
2018-08-31 00:00:00,1344842287.0
2018-09-01 00:00:00,1155382642.0
2018-09-02 00:00:00,1092480818.0
2018-09-03 00:00:00,1422101492.0
2018-09-04 00:00:00,1454103620.0
2018-09-05 00:00:00,1415530333.0
2018-09-06 00:00:00,1469470601.0
2018-09-07 00:00:00,1308538629.0
2018-09-08 00:00:00,1359495623.0
2018-09-09 00:00:00,1345906609.0
2018-09-10 00:00:00,1273662311.0
2018-09-11 00:00:00,1258353890.0
2018-09-12 00:00:00,1423133263.0
2018-09-13 00:00:00,1436915266.0
2018-09-14 00:00:00,1332006752.0
2018-09-15 00:00:00,1300879419.0
2018-09-16 00:00:00,1353002169.0
2018-09-17 00:00:00,1287837918.0
2018-09-18 00:00:00,1221339904.0
2018-09-19 00:00:00,1226101205.0
2018-09-20 00:00:00,1451752205.0
2018-09-21 00:00:00,1316970944.0
2018-09-22 00:00:00,1642718231.0
2018-09-23 00:00:00,1635781923.0
2018-09-24 00:00:00,1822617682.0
2018-09-25 00:00:00,1659850815.0
2018-09-26 00:00:00,1438065956.0
2018-09-27 00:00:00,1529557403.0
2018-09-28 00:00:00,1604684120.0
2018-09-29 00:00:00,1549404212.0
2018-09-30 00:00:00,1651452592.0
2018-10-01 00:00:00,2185300359.0
2018-10-02 00:00:00,1796444221.0
2018-10-03 00:00:00,1906785401.0
2018-10-04 00:00:00,1867072588.0
2018-10-05 00:00:00,1933414489.0
2018-10-06 00:00:00,2011075117.0
2018-10-07 00:00:00,2060755283.0
2018-10-08 00:00:00,2027599604.0
2018-10-09 00:00:00,1894681532.0
2018-10-10 00:00:00,1829181828.0
2018-10-11 00:00:00,1886551174.0
2018-10-12 00:00:00,2017119128.0
2018-10-13 00:00:00,1933789144.0
2018-10-14 00:00:00,2167910048.0
2018-10-15 00:00:00,2313582514.0
2018-10-16 00:00:00,2331343666.0
2018-10-17 00:00:00,2314545042.0
2018-10-18 00:00:00,2210569327.0
2018-10-19 00:00:00,2302535786.0
2018-10-20 00:00:00,2226350631.0
2018-10-21 00:00:00,2018902739.0
2018-10-22 00:00:00,2157200985.0
2018-10-23 00:00:00,2048746063.0
2018-10-24 00:00:00,2111710202.0
2018-10-25 00:00:00,2313786904.0
2018-10-26 00:00:00,2290036233.0
2018-10-27 00:00:00,2691924848.0
2018-10-28 00:00:00,2749160638.0
2018-10-29 00:00:00,3115892356.0
2018-10-30 00:00:00,3214051386.0
2018-10-31 00:00:00,2980980348.0
2018-11-01 00:00:00,2873348758.0
2018-11-02 00:00:00,2893115363.0
2018-11-03 00:00:00,2553529833.0
2018-11-04 00:00:00,2500824550.0
2018-11-05 00:00:00,2585981562.0
2018-11-06 00:00:00,2230249198.0
2018-11-07 00:00:00,2313351967.0
2018-11-08 00:00:00,2387789010.0
2018-11-09 00:00:00,2347847176.0
2018-11-10 00:00:00,2506635087.0
2018-11-11 00:00:00,2500413232.0
2018-11-12 00:00:00,2550709757.0
2018-11-13 00:00:00,2388686754.0
2018-11-14 00:00:00,2208099821.0
2018-11-15 00:00:00,2341591345.0
2018-11-16 00:00:00,2420380410.0
2018-11-17 00:00:00,2288749267.0
2018-11-18 00:00:00,2397177205.0
2018-11-19 00:00:00,2930187147.0
2018-11-20 00:00:00,3220377679.0
2018-11-21 00:00:00,3418199918.0
2018-11-22 00:00:00,3621304739.0
2018-11-23 00:00:00,3289942326.0
2018-11-24 00:00:00,2897602744.0
2018-11-25 00:00:00,2883052339.0
2018-11-26 00:00:00,3313997099.0
2018-11-27 00:00:00,3106690971.0
2018-11-28 00:00:00,2434991935.0
2018-11-29 00:00:00,2432770176.0
2018-11-30 00:00:00,2575617320.0
2018-12-01 00:00:00,2579390689.0
2018-12-02 00:00:00,2467577781.0
2018-12-03 00:00:00,2864740411.0
2018-12-04 00:00:00,3392069902.0
2018-12-05 00:00:00,2995756642.0
2018-12-06 00:00:00,2601930795.0
2018-12-07 00:00:00,2684251505.0
2018-12-08 00:00:00,2661040447.0
2018-12-09 00:00:00,2664702653.0
2018-12-10 00:00:00,3263615161.0
2018-12-11 00:00:00,3177256113.0
2018-12-12 00:00:00,3182773302.0
2018-12-13 00:00:00,3472240348.0
2018-12-14 00:00:00,3655630632.0
2018-12-15 00:00:00,3385976742.0
2018-12-16 00:00:00,3114865164.0
2018-12-17 00:00:00,3103229422.0
2018-12-18 00:00:00,2907328635.0
2018-12-19 00:00:00,2948061560.0
2018-12-20 00:00:00,2970276769.0
2018-12-21 00:00:00,2950742741.0
2018-12-22 00:00:00,2853470578.0
2018-12-23 00:00:00,2874344286.0
2018-12-24 00:00:00,3126447580.0
2018-12-25 00:00:00,3022882922.0
2018-12-26 00:00:00,2834499448.0
2018-12-27 00:00:00,2982921484.0
2018-12-28 00:00:00,2699826011.0
2018-12-29 00:00:00,2668574576.0
2018-12-30 00:00:00,2615899354.0
2018-12-31 00:00:00,2519102122.0
2019-01-01 00:00:00,2691305773.0
2019-01-02 00:00:00,3591453062.0
2019-01-03 00:00:00,3770905303.0
2019-01-04 00:00:00,3791500017.0
2019-01-05 00:00:00,3470681297.0
2019-01-06 00:00:00,3310672344.0
2019-01-07 00:00:00,2865656096.0
2019-01-08 00:00:00,3162225167.0
2019-01-09 00:00:00,3696378121.0
2019-01-10 00:00:00,3690344957.0
2019-01-11 00:00:00,3217818242.0
2019-01-12 00:00:00,2805147560.0
2019-01-13 00:00:00,2743579678.0
2019-01-14 00:00:00,3272726370.0
2019-01-15 00:00:00,2979856584.0
2019-01-16 00:00:00,3259266107.0
2019-01-17 00:00:00,3683989817.0
2019-01-18 00:00:00,3776573384.0
2019-01-19 00:00:00,3583913687.0
2019-01-20 00:00:00,3568720599.0
2019-01-21 00:00:00,3744559153.0
2019-01-22 00:00:00,3919745142.0
2019-01-23 00:00:00,4190231739.0
2019-01-24 00:00:00,4030936757.0
2019-01-25 00:00:00,3217985035.0
2019-01-26 00:00:00,3220661946.0
2019-01-27 00:00:00,3353348369.0
2019-01-28 00:00:00,3768697254.0
2019-01-29 00:00:00,3922297165.0
2019-01-30 00:00:00,4044686007.0
2019-01-31 00:00:00,4200354468.0
2019-02-01 00:00:00,4135684928.0
2019-02-02 00:00:00,3778866273.0
2019-02-03 00:00:00,3565105909.0
2019-02-04 00:00:00,3574831820.0
2019-02-05 00:00:00,3489312069.0
2019-02-06 00:00:00,3178944236.0
2019-02-07 00:00:00,3083752127.0
2019-02-08 00:00:00,2923577235.0
2019-02-09 00:00:00,2925455687.0
2019-02-10 00:00:00,3177367657.0
2019-02-11 00:00:00,3462386639.0
2019-02-12 00:00:00,3101014866.0
2019-02-13 00:00:00,2824724688.0
2019-02-14 00:00:00,2977805367.0
2019-02-15 00:00:00,2656056153.0
2019-02-16 00:00:00,2591125542.0
2019-02-17 00:00:00,2473197138.0
2019-02-18 00:00:00,2702901300.0
2019-02-19 00:00:00,2777498158.0
2019-02-20 00:00:00,2607033866.0
2019-02-21 00:00:00,2543242315.0
2019-02-22 00:00:00,2349872062.0
2019-02-23 00:00:00,2192611135.0
2019-02-24 00:00:00,2464156942.0
2019-02-25 00:00:00,2707974247.0
2019-02-26 00:00:00,2570016758.0
2019-02-27 00:00:00,2595589339.0
2019-02-28 00:00:00,2887914287.0
2019-03-01 00:00:00,2802024534.0
2019-03-02 00:00:00,2449336188.0
2019-03-03 00:00:00,2550153974.0
2019-03-04 00:00:00,2769018182.0
2019-03-05 00:00:00,2844377330.0
2019-03-06 00:00:00,2608600259.0
2019-03-07 00:00:00,2718178915.0
2019-03-08 00:00:00,2839304602.0
2019-03-09 00:00:00,2517224876.0
2019-03-10 00:00:00,2668975761.0
2019-03-11 00:00:00,2817611220.0
2019-03-12 00:00:00,2962562312.0
2019-03-13 00:00:00,2765733295.0
2019-03-14 00:00:00,2506882164.0
2019-03-15 00:00:00,2420345353.0
2019-03-16 00:00:00,2427583064.0
2019-03-17 00:00:00,2515984489.0
2019-03-18 00:00:00,3077374675.0
2019-03-19 00:00:00,2685367365.0
2019-03-20 00:00:00,2418889330.0
2019-03-21 00:00:00,2466146552.0
2019-03-22 00:00:00,2374898902.0
2019-03-23 00:00:00,2488811207.0
2019-03-24 00:00:00,2452755987.0
2019-03-25 00:00:00,2567540000.0
2019-03-26 00:00:00,2533339148.0
2019-03-27 00:00:00,2613572825.0
2019-03-28 00:00:00,2406674142.0
2019-03-29 00:00:00,2351837644.0
2019-03-30 00:00:00,2256940401.0
2019-03-31 00:00:00,2374776553.0
2019-04-01 00:00:00,2515609263.0
2019-04-02 00:00:00,2844986980.0
2019-04-03 00:00:00,2983635078.0
2019-04-04 00:00:00,2936022752.0
2019-04-05 00:00:00,2565378743.0
2019-04-06 00:00:00,2520112217.0
2019-04-07 00:00:00,2392189789.0
2019-04-08 00:00:00,2444003997.0
2019-04-09 00:00:00,2489593056.0
2019-04-10 00:00:00,2678646476.0
2019-04-11 00:00:00,2720260719.0
2019-04-12 00:00:00,2697584508.0
2019-04-13 00:00:00,2417303131.0
2019-04-14 00:00:00,2497588070.0
2019-04-15 00:00:00,2274038109.0
2019-04-16 00:00:00,2411670643.0
2019-04-17 00:00:00,2059064652.0
2019-04-18 00:00:00,1799411277.0
2019-04-19 00:00:00,1844470022.0
2019-04-20 00:00:00,1799200130.0
2019-04-21 00:00:00,2021975245.0
2019-04-22 00:00:00,2031510984.0
2019-04-23 00:00:00,1970787826.0
2019-04-24 00:00:00,2189239575.0
2019-04-25 00:00:00,2283260838.0
2019-04-26 00:00:00,2163954919.0
2019-04-27 00:00:00,2213119888.0
2019-04-28 00:00:00,2226754370.0
2019-04-29 00:00:00,2290100500.0
2019-04-30 00:00:00,2116759968.0
2019-05-01 00:00:00,2124071387.0
2019-05-02 00:00:00,2053159519.0
2019-05-03 00:00:00,2162299799.0
2019-05-04 00:00:00,1939740038.0
2019-05-05 00:00:00,2101119061.0
2019-05-06 00:00:00,2309885511.0
2019-05-07 00:00:00,2293044376.0
2019-05-08 00:00:00,2229835447.0
2019-05-09 00:00:00,2533252948.0
2019-05-10 00:00:00,2299610058.0
2019-05-11 00:00:00,1842898604.0
2019-05-12 00:00:00,1749943638.0
2019-05-13 00:00:00,1863516874.0
2019-05-14 00:00:00,1677735570.0
2019-05-15 00:00:00,1563173350.0
2019-05-16 00:00:00,1548077047.0
2019-05-17 00:00:00,1745291364.0
2019-05-18 00:00:00,1692578740.0
2019-05-19 00:00:00,1606501067.0
2019-05-20 00:00:00,1738356265.0
2019-05-21 00:00:00,1790376260.0
2019-05-22 00:00:00,1714130725.0
2019-05-23 00:00:00,1724924323.0
2019-05-24 00:00:00,1621823824.0
2019-05-25 00:00:00,1471188923.0
2019-05-26 00:00:00,1481753103.0
2019-05-27 00:00:00,1616874578.0
2019-05-28 00:00:00,1791406043.0
2019-05-29 00:00:00,1760401166.0
2019-05-30 00:00:00,1555086253.0
2019-05-31 00:00:00,1482173474.0
2019-06-01 00:00:00,1439063078.0
2019-06-02 00:00:00,1462865843.0
2019-06-03 00:00:00,1603025383.0
2019-06-04 00:00:00,1765928283.0
2019-06-05 00:00:00,1703559682.0
2019-06-06 00:00:00,1563981128.0
2019-06-07 00:00:00,1582180806.0
2019-06-08 00:00:00,1535606801.0
2019-06-09 00:00:00,1567332725.0
2019-06-10 00:00:00,1804707703.0
2019-06-11 00:00:00,1867799697.0
2019-06-12 00:00:00,1878027707.0
2019-06-13 00:00:00,1915732340.0
2019-06-14 00:00:00,1726071874.0
2019-06-15 00:00:00,1459765459.0
2019-06-16 00:00:00,1408692193.0
2019-06-17 00:00:00,1564583242.0
2019-06-18 00:00:00,1658308079.0
2019-06-19 00:00:00,1725736318.0
2019-06-20 00:00:00,1530991691.0
2019-06-21 00:00:00,1640877770.0
2019-06-22 00:00:00,1385604035.0
2019-06-23 00:00:00,1523643565.0
2019-06-24 00:00:00,1645287361.0
2019-06-25 00:00:00,1621909683.0
2019-06-26 00:00:00,1632006637.0
2019-06-27 00:00:00,1458775847.0
2019-06-28 00:00:00,1371916615.0
2019-06-29 00:00:00,1163821319.0
2019-06-30 00:00:00,1085557006.0
2019-07-01 00:00:00,1267296295.0
2019-07-02 00:00:00,1503441083.0
2019-07-03 00:00:00,1544791173.0
2019-07-04 00:00:00,1379726453.0
2019-07-05 00:00:00,1455787861.0
2019-07-06 00:00:00,1466692213.0
2019-07-07 00:00:00,1606479446.0
2019-07-08 00:00:00,1703091489.0
2019-07-09 00:00:00,1563024537.0
2019-07-10 00:00:00,1518534205.0
2019-07-11 00:00:00,1523931168.0
2019-07-12 00:00:00,1508004474.0
2019-07-13 00:00:00,1437943235.0
2019-07-14 00:00:00,1522360144.0
2019-07-15 00:00:00,1579681135.0
2019-07-16 00:00:00,1544727453.0
2019-07-17 00:00:00,1432418182.0
2019-07-18 00:00:00,1453559427.0
2019-07-19 00:00:00,1418068508.0
2019-07-20 00:00:00,1352598320.0
2019-07-21 00:00:00,1436987602.0
2019-07-22 00:00:00,1420044253.0
2019-07-23 00:00:00,1440516839.0
2019-07-24 00:00:00,1543954907.0
2019-07-25 00:00:00,1458687654.0
2019-07-26 00:00:00,1450854021.0
2019-07-27 00:00:00,1475266527.0
2019-07-28 00:00:00,1535909774.0
2019-07-29 00:00:00,1442266250.0
2019-07-30 00:00:00,1393442460.0
2019-07-31 00:00:00,1365143051.0
2019-08-01 00:00:00,1487384804.0
2019-08-02 00:00:00,1525327004.0
2019-08-03 00:00:00,1283368554.0
2019-08-04 00:00:00,1208772973.0
2019-08-05 00:00:00,1262967310.0
2019-08-06 00:00:00,1169620291.0
2019-08-07 00:00:00,1179103079.0
2019-08-08 00:00:00,1330410229.0
2019-08-09 00:00:00,1178834542.0
2019-08-10 00:00:00,1166114149.0
2019-08-11 00:00:00,1098981928.0
2019-08-12 00:00:00,1489545048.0
2019-08-13 00:00:00,1513738622.0
2019-08-14 00:00:00,1471093729.0
2019-08-15 00:00:00,1175220386.0
2019-08-16 00:00:00,1231611512.0
2019-08-17 00:00:00,1248943323.0
2019-08-18 00:00:00,1264036482.0
2019-08-19 00:00:00,1304505557.0
2019-08-20 00:00:00,1361253223.0
2019-08-21 00:00:00,1252082575.0
2019-08-22 00:00:00,1117692276.0
2019-08-23 00:00:00,1236101920.0
2019-08-24 00:00:00,1130126914.0
2019-08-25 00:00:00,1198617022.0
2019-08-26 00:00:00,1306593359.0
2019-08-27 00:00:00,1464083854.0
2019-08-28 00:00:00,1442816369.0
2019-08-29 00:00:00,1161012699.0
2019-08-30 00:00:00,1102844211.0
2019-08-31 00:00:00,1085473360.0
2019-09-01 00:00:00,1167903599.0
2019-09-02 00:00:00,1360689161.0
2019-09-03 00:00:00,1251554557.0
2019-09-04 00:00:00,1222675216.0
2019-09-05 00:00:00,1251523846.0
2019-09-06 00:00:00,1253767005.0
2019-09-07 00:00:00,1325840823.0
2019-09-08 00:00:00,1410947286.0
2019-09-09 00:00:00,1716012237.0
2019-09-10 00:00:00,1514369971.0
2019-09-11 00:00:00,1268208890.0
2019-09-12 00:00:00,1299391196.0
2019-09-13 00:00:00,1410957081.0
2019-09-14 00:00:00,1503890251.0
2019-09-15 00:00:00,1517403241.0
2019-09-16 00:00:00,1602541561.0
2019-09-17 00:00:00,1629323774.0
2019-09-18 00:00:00,1777474159.0
2019-09-19 00:00:00,1640606805.0
2019-09-20 00:00:00,1374940490.0
2019-09-21 00:00:00,1264063483.0
2019-09-22 00:00:00,1304099742.0
2019-09-23 00:00:00,1464342530.0
2019-09-24 00:00:00,1547011292.0
2019-09-25 00:00:00,1528560850.0
2019-09-26 00:00:00,1360517070.0
2019-09-27 00:00:00,1393459487.0
2019-09-28 00:00:00,1325814578.0
2019-09-29 00:00:00,1410611373.0
2019-09-30 00:00:00,1873341624.0
2019-10-01 00:00:00,1910727022.0
2019-10-02 00:00:00,2050272933.0
2019-10-03 00:00:00,2259154066.0
2019-10-04 00:00:00,1945480380.0
2019-10-05 00:00:00,1942952806.0
2019-10-06 00:00:00,1905394606.0
2019-10-07 00:00:00,1933292843.0
2019-10-08 00:00:00,1711290110.0
2019-10-09 00:00:00,1880419412.0
2019-10-10 00:00:00,1905657985.0
2019-10-11 00:00:00,1885843747.0
2019-10-12 00:00:00,1903297981.0
2019-10-13 00:00:00,2044305395.0
2019-10-14 00:00:00,2286769844.0
2019-10-15 00:00:00,2219055660.0
2019-10-16 00:00:00,2265319236.0
2019-10-17 00:00:00,2335901163.0
2019-10-18 00:00:00,2162208508.0
2019-10-19 00:00:00,2192709830.0
2019-10-20 00:00:00,2389384323.0
2019-10-21 00:00:00,2509404394.0
2019-10-22 00:00:00,2458579042.0
2019-10-23 00:00:00,2416068302.0
2019-10-24 00:00:00,2283420174.0
2019-10-25 00:00:00,2425029119.0
2019-10-26 00:00:00,2547127019.0
2019-10-27 00:00:00,2539200996.0
2019-10-28 00:00:00,3021847174.0
2019-10-29 00:00:00,2957345185.0
2019-10-30 00:00:00,2882199734.0
2019-10-31 00:00:00,2804802047.0
2019-11-01 00:00:00,2229640728.0
2019-11-02 00:00:00,2394449412.0
2019-11-03 00:00:00,2470377059.0
2019-11-04 00:00:00,2566721091.0
2019-11-05 00:00:00,2800796203.0
2019-11-06 00:00:00,3037026456.0
2019-11-07 00:00:00,2736692530.0
2019-11-08 00:00:00,3137127573.0
2019-11-09 00:00:00,3023513859.0
2019-11-10 00:00:00,2833246647.0
2019-11-11 00:00:00,2897760148.0
2019-11-12 00:00:00,3027074961.0
2019-11-13 00:00:00,3193715201.0
2019-11-14 00:00:00,3267654902.0
2019-11-15 00:00:00,3206251510.0
2019-11-16 00:00:00,3089112299.0
2019-11-17 00:00:00,3036725250.0
2019-11-18 00:00:00,3458070144.0
2019-11-19 00:00:00,3691129727.0
2019-11-20 00:00:00,3320102245.0
2019-11-21 00:00:00,3330103595.0
2019-11-22 00:00:00,3023513640.0
2019-11-23 00:00:00,2900632176.0
2019-11-24 00:00:00,2875638207.0
2019-11-25 00:00:00,2950059195.0
2019-11-26 00:00:00,2838820962.0
2019-11-27 00:00:00,2790080725.0
2019-11-28 00:00:00,3035195803.0
2019-11-29 00:00:00,3357798276.0
2019-11-30 00:00:00,3379020585.0
2019-12-01 00:00:00,3409603635.0
2019-12-02 00:00:00,3678815221.0
2019-12-03 00:00:00,3485077356.0
2019-12-04 00:00:00,3455096146.0
2019-12-05 00:00:00,3119154904.0
2019-12-06 00:00:00,2694036162.0
2019-12-07 00:00:00,2422575754.0
2019-12-08 00:00:00,2500120277.0
2019-12-09 00:00:00,3031339025.0
2019-12-10 00:00:00,2958032062.0
2019-12-11 00:00:00,3199757490.0
2019-12-12 00:00:00,3373439963.0
2019-12-13 00:00:00,3045372075.0
2019-12-14 00:00:00,2846214936.0
2019-12-15 00:00:00,2860146044.0
2019-12-16 00:00:00,3384833654.0
2019-12-17 00:00:00,3537591070.0
2019-12-18 00:00:00,3207498485.0
2019-12-19 00:00:00,2948022359.0
2019-12-20 00:00:00,2971353432.0
2019-12-21 00:00:00,3039959760.0
2019-12-22 00:00:00,3132971675.0
2019-12-23 00:00:00,3101820453.0
2019-12-24 00:00:00,2849678599.0
2019-12-25 00:00:00,2691046099.0
2019-12-26 00:00:00,2672282775.0
2019-12-27 00:00:00,2739283374.0
2019-12-28 00:00:00,2416225303.0
2019-12-29 00:00:00,2403999068.0
2019-12-30 00:00:00,2682173529.0
2019-12-31 00:00:00,2849571253.0
